[
  {
    "_id": "60ab8326c1f2776aacd191f7",
    "index": 0,
    "guid": "c374cab8-c2ac-43bd-a9af-46019e0a536b",
    "isActive": true,
    "balance": "$2,946.81",
    "picture": "http://placehold.it/32x32",
    "age": 32,
    "eyeColor": "green",
    "name": "Burch Bryant",
    "gender": "male",
    "company": "QUANTASIS",
    "email": "burchbryant@quantasis.com",
    "phone": "+1 (944) 467-3298",
    "address": "642 Ryerson Street, Chamberino, Kentucky, 419",
    "about": "Est consequat in nulla sit. Occaecat elit mollit eu reprehenderit laboris magna quis labore nisi elit. Tempor est sint labore deserunt in anim deserunt pariatur veniam ullamco. Et sit reprehenderit sunt sint minim quis eu proident Lorem fugiat ex et reprehenderit. Sit proident ipsum consectetur fugiat ad officia sunt magna ut reprehenderit non do officia veniam. Labore ad enim consectetur aute ipsum quis occaecat mollit laborum esse est tempor Lorem duis.\r\n",
    "registered": "2017-08-09T12:54:29 -03:00",
    "latitude": 62.638891,
    "longitude": 22.257277,
    "tags": [
      "labore",
      "velit",
      "nulla",
      "duis",
      "voluptate",
      "cillum",
      "irure"
    ],
    "friends": [
      {
        "id": 0,
        "name": "Edwards Zimmerman"
      },
      {
        "id": 1,
        "name": "Mitzi Morrow"
      },
      {
        "id": 2,
        "name": "Ruth Reynolds"
      }
    ],
    "greeting": "Hello, Burch Bryant! You have 6 unread messages.",
    "favoriteFruit": "strawberry"
  },
  {
    "_id": "60ab832697c7029abafbd6e0",
    "index": 1,
    "guid": "49253e84-effa-426b-b831-b35ee5524555",
    "isActive": false,
    "balance": "$1,006.41",
    "picture": "http://placehold.it/32x32",
    "age": 22,
    "eyeColor": "brown",
    "name": "Stefanie Levine",
    "gender": "female",
    "company": "ZINCA",
    "email": "stefanielevine@zinca.com",
    "phone": "+1 (953) 439-3225",
    "address": "341 George Street, Norwood, Guam, 6563",
    "about": "Exercitation tempor velit ea sunt exercitation irure qui aliqua mollit elit. Lorem laborum proident est in esse laboris labore tempor aliquip deserunt consectetur officia fugiat irure. Mollit Lorem eu qui esse amet laboris voluptate pariatur. Pariatur duis dolore aliqua laboris dolor. Exercitation reprehenderit in ipsum mollit pariatur laborum aliquip commodo est eu laboris magna velit. Esse ea consectetur enim qui veniam et amet laborum incididunt enim dolore laboris Lorem. Proident id enim veniam aliqua non excepteur officia.\r\n",
    "registered": "2020-05-20T10:56:25 -03:00",
    "latitude": 65.703516,
    "longitude": -144.754354,
    "tags": [
      "non",
      "deserunt",
      "in",
      "laboris",
      "officia",
      "tempor",
      "commodo"
    ],
    "friends": [
      {
        "id": 0,
        "name": "Maureen Schmidt"
      },
      {
        "id": 1,
        "name": "Janine Chandler"
      },
      {
        "id": 2,
        "name": "Pansy Hogan"
      }
    ],
    "greeting": "Hello, Stefanie Levine! You have 10 unread messages.",
    "favoriteFruit": "banana"
  },
  {
    "_id": "60ab83262ee653503f9cf9d1",
    "index": 2,
    "guid": "467c3e15-2aaf-4ad2-9c73-0f62a930e4de",
    "isActive": false,
    "balance": "$3,847.31",
    "picture": "http://placehold.it/32x32",
    "age": 32,
    "eyeColor": "green",
    "name": "Renee Barker",
    "gender": "female",
    "company": "GENEKOM",
    "email": "reneebarker@genekom.com",
    "phone": "+1 (859) 441-3919",
    "address": "472 Campus Road, Strykersville, Puerto Rico, 8520",
    "about": "Incididunt et nisi ipsum ad aute proident non laboris in duis voluptate deserunt. Consequat ad elit dolor exercitation. Cupidatat elit ullamco mollit dolor excepteur. Reprehenderit aliquip commodo tempor ullamco in adipisicing eu sint deserunt.\r\n",
    "registered": "2020-03-01T03:12:44 -03:00",
    "latitude": -15.292679,
    "longitude": 112.039022,
    "tags": [
      "qui",
      "officia",
      "consectetur",
      "tempor",
      "proident",
      "Lorem",
      "cillum"
    ],
    "friends": [
      {
        "id": 0,
        "name": "Alissa Daniels"
      },
      {
        "id": 1,
        "name": "Galloway Lopez"
      },
      {
        "id": 2,
        "name": "Trina Sargent"
      }
    ],
    "greeting": "Hello, Renee Barker! You have 10 unread messages.",
    "favoriteFruit": "strawberry"
  },
  {
    "_id": "60ab8326e6ce4193829d4fba",
    "index": 3,
    "guid": "b6bc784e-9564-41cb-9462-4bbef5a07307",
    "isActive": true,
    "balance": "$3,704.59",
    "picture": "http://placehold.it/32x32",
    "age": 25,
    "eyeColor": "green",
    "name": "Ina Torres",
    "gender": "female",
    "company": "ACCRUEX",
    "email": "inatorres@accruex.com",
    "phone": "+1 (911) 476-2889",
    "address": "303 Clarkson Avenue, Downsville, Nevada, 9635",
    "about": "Nostrud aute adipisicing incididunt deserunt incididunt nulla voluptate fugiat labore aliqua velit. Ex in excepteur excepteur incididunt laborum ea tempor ullamco consectetur excepteur ut labore. Est ad eiusmod irure amet laboris veniam enim occaecat fugiat irure laboris proident sunt amet. Ex nisi consectetur qui ad consectetur. Qui ullamco esse magna quis.\r\n",
    "registered": "2015-10-16T03:57:49 -03:00",
    "latitude": -61.963089,
    "longitude": 49.672181,
    "tags": [
      "aliqua",
      "ad",
      "consequat",
      "magna",
      "reprehenderit",
      "reprehenderit",
      "deserunt"
    ],
    "friends": [
      {
        "id": 0,
        "name": "Jimenez Bush"
      },
      {
        "id": 1,
        "name": "Lilia Clark"
      },
      {
        "id": 2,
        "name": "Jefferson Griffin"
      }
    ],
    "greeting": "Hello, Ina Torres! You have 1 unread messages.",
    "favoriteFruit": "strawberry"
  },
  {
    "_id": "60ab8326ccd3dbe2e80239af",
    "index": 4,
    "guid": "abd92c82-6dc5-4241-98be-654bd543cbf6",
    "isActive": true,
    "balance": "$1,149.94",
    "picture": "http://placehold.it/32x32",
    "age": 24,
    "eyeColor": "green",
    "name": "Guadalupe Hunter",
    "gender": "female",
    "company": "UNQ",
    "email": "guadalupehunter@unq.com",
    "phone": "+1 (889) 582-3220",
    "address": "261 Amboy Street, Noblestown, South Dakota, 9640",
    "about": "Elit pariatur quis occaecat occaecat id consequat aliquip pariatur magna consectetur. Reprehenderit ex laboris officia sint Lorem labore dolore. Aute consequat magna dolor duis.\r\n",
    "registered": "2019-01-27T08:40:25 -03:00",
    "latitude": 67.218566,
    "longitude": 86.592771,
    "tags": [
      "cillum",
      "Lorem",
      "ea",
      "incididunt",
      "ut",
      "aute",
      "dolore"
    ],
    "friends": [
      {
        "id": 0,
        "name": "Butler Mcdonald"
      },
      {
        "id": 1,
        "name": "Staci Madden"
      },
      {
        "id": 2,
        "name": "Imelda Merritt"
      }
    ],
    "greeting": "Hello, Guadalupe Hunter! You have 5 unread messages.",
    "favoriteFruit": "banana"
  }
]